Score,Naive Bayes,K Nearest Neighbours,Random Forest Classifier,Neural Network Classifier
Training,0.8292895962732919,0.79784549689441,0.8986801242236024,0.6475155279503105
Validation,0.8296943231441049,0.7001455604075691,0.9088791848617176,0.6416302765647743
