Score,Naive Bayes,K Nearest Neighbours,Random Forest Classifier,Neural Network Classifier
Training,0.8223020186335404,0.8039596273291926,0.8964479813664596,0.8742236024844721
Validation,0.8174672489082969,0.6978165938864629,0.8986899563318778,0.8748180494905385
