Score,Naive Bayes,K Nearest Neighbours,Random Forest Classifier,Neural Network Classifier
Training,0.8460791925465838,0.7939635093167702,0.9027562111801242,0.6441187888198758
Validation,0.8497816593886462,0.7170305676855895,0.8998544395924308,0.6553129548762736
