Score,Naive Bayes,K Nearest Neighbours,Random Forest Classifier,Neural Network Classifier
Training,0.84277950310559,0.7981366459627329,0.8995535714285714,0.8486024844720497
Validation,0.8393013100436681,0.7071324599708879,0.8946142649199418,0.8529839883551674
